audio_file|text
74_La_crisi_del_Trecento_recessione_e_Innovazione_-_ExtraBarbero_Grattacielo_Intesa_Sanpaolo_2019/0005.wav|Buonasera buonasera Allora come si come avete sentito Intesa San Paolo si è ricordata di essere una banca e quindi ha pensato che era ora di parlare anche di economia nel corso di questi nostri incontri di storia e il l'argomento di questa sera è un pezzo della nostra storia è un pezzo della storia del Medioevo la crisi del Trecento da sempre gli storici si sono resi conto che il 300 il 1300 e il 14 secolo è un secolo complicato da un lato e un grande secolo è Se pensate alla nostra letteratura e il secolo di Dante e di Petrarca di Boccaccio e il secolo in cui le città italiane continuano a essere piene di mercanti di Fiorini d'oro e di cantieri di edifici di tutti i generi però al tempo stesso è un secolo che attraversato da una sequenza di catastrofi di
74_La_crisi_del_Trecento_recessione_e_Innovazione_-_ExtraBarbero_Grattacielo_Intesa_Sanpaolo_2019/0006.wav|i naturali demografici economici di fallimenti di epidemie di peste nell' insieme gli storici si sono abituati da tanto tempo a parlare dell'intero 300 come.un secolo di crisi Cosa vuol dire però crisi Io insegno storia medievale all'università ormai da tantissimi anni perché appartengo a quella generazione fortunata in cui era normale trovare un posto di lavoro all'università a 25 anni anziché a 50 come succede adesso e insegnando storia medievale da moltissimi anni quante volte ti ho fatto lezione sulla crisi del 300 e per tantissimo tempo introducendo questa lezione diceva ai ragazzi crisi certo voi non lo potete sapere ma certe volte l'economia è attraversata da lunghi periodi di crisi e gli parlavo della crisi del 29 del crack di Wall Street del 1929 e della crisi che segui Acqui
74_La_crisi_del_Trecento_recessione_e_Innovazione_-_ExtraBarbero_Grattacielo_Intesa_Sanpaolo_2019/0007.wav|just.ro finanziario È che attraversa tutti gli anni trenta Adesso io mi trovo quando faccio lezione all'università sulla crisi del Trecento a parlare ai ragazzi che sono nati nella Sì praticamente che sono diventati grandi nella crisi Noi siamo in crisi da 10 anni da 12 anni benché ogni tanto ci dicano si è quasi finita No è finita però ecco non è così evidente la cosa non è più difficile far capire i ragazzi Cosa vuol dire vivere in crisi Però naturalmente appunto crisi non vuol dire sempre la stessa cosa le nostre grandi crisi quella del 29 e quello del 2008 che viviamo ancora adesso nascono con il crollo in borsa con la speculazione finanziaria che di colpo si scopre fondata sul nulla e producono disoccupazione calo degli investimenti povertà diffusa riduzione del tenore di vita per tanta gente
74_La_crisi_del_Trecento_recessione_e_Innovazione_-_ExtraBarbero_Grattacielo_Intesa_Sanpaolo_2019/0008.wav|la crisi del Trecento non è la stessa cosa però ha qualcosa in comune con le crisi come le conosciamo noi la crisi del Trecento significa fine di un lungo periodo di crescita È quel medioevo che è un periodo lunghissimo io qui l'ho detto non so quante volte che qualcuno di voi me l'aveva già sentito dire più di una volta aveva un periodo lunghissimo durante il quale succede di tutto ma certamente gli ultimi secoli del Medioevo dopo l'anno 1000 sono secoli di crescita di crescita lenta ma sostenuta ininterrotta cos'è che cresce cresce la popolazione Innanzitutto per secoli e secoli e secoli la popolazione dell'Europa lentamente a un E anziché creare problemi questa crescita è una risorsa la popolazione aumenta e la società si dà da fare per dare da mangiare a tutti e quindi si attrezza per
74_La_crisi_del_Trecento_recessione_e_Innovazione_-_ExtraBarbero_Grattacielo_Intesa_Sanpaolo_2019/0009.wav|Torre di più la popolazione aumenta e aumenta la produzione agricola e si produce più grano e più vino e E questa popolazione che aumenta come dire fornisce lavoro c'è più forza ora disposizione le città crescono c'è gente che emigra dalla campagna in città e chi ha dei progetti trova la forza lavoro i cantieri di tutte le nostre cattedrali medievali si sono potuti aprire perché c'era forza lavoro a disposizione lavoro per tutti Ecco di disoccupazione non se ne parla questa crescita va avanti per secoli e loro ne sono consapevoli in modo quasi inconscio quello che voglio dire è che all'epoca non si misura niente nessuno sarebbe stato in grado neanche di dire quanto era la popolazione dell'Europa a malapena in una grande città si poteva avere una vaga idea di Qual era la popolazione a Firenze Potevano dire sì noi grossomodo dovremmo avere 100.000 abitanti
74_La_crisi_del_Trecento_recessione_e_Innovazione_-_ExtraBarbero_Grattacielo_Intesa_Sanpaolo_2019/0010.wav|per l'epoca era enorme ma non misuravano il PIL non misura non avevano neanche l'idea di un grafico in cui misurare la crescita però se ne accorgevano sapevo di vivere in un mondo dove continuamente tutto pian piano mi Rava e c'era più gente c'era più lavoro è più commerci E girava più moneta e i prezzi piano salivano e i profitti pian piano salivano i prezzi salgono quando l'economia va bene naturalmente è e quando l'economia ristagna che i prezzi non salgono di tutto questo si rendevano conto quindi per secoli gli uomini del Medioevo sentono di vivere in un mondo che funziona un mondo razionale creato da Dio è una società di credenti sono tutti sono tutti i cristiani in Occidente un mondo creato da dio a misura d'uomo razionale dove l'uomo con la sua intelligenza può imparare a vivere bene
74_La_crisi_del_Trecento_recessione_e_Innovazione_-_ExtraBarbero_Grattacielo_Intesa_Sanpaolo_2019/0011.wav|e poi a un certo punto questa crescita si inceppa
74_La_crisi_del_Trecento_recessione_e_Innovazione_-_ExtraBarbero_Grattacielo_Intesa_Sanpaolo_2019/0012.wav| e noi ce ne rendiamo conto perché cominciano a moltiplicarsi dei segnali di disagio di malessere malessere vuol dire Beh tenete conto siamo in un'economia preindustriale d'accordo La cosa che conta di più per la vita di tutti e per l'economia generale E come andrà il prossimo raccolto da quello Dipende se mangiano tutti a sazietà Oppure se qualcuno deve fare la fame e i raccolti variano Naturalmente il clima varia un anno il clima è buono il raccolto abbondante L'anno dopo ha fatto troppo caldo d'inverno o è piovuto d'estate proprio quando bisognava a mietere il grano Ha grandinato sui campi di grano e allora il raccolto e meno i prezzi oscillano
74_La_crisi_del_Trecento_recessione_e_Innovazione_-_ExtraBarbero_Grattacielo_Intesa_Sanpaolo_2019/0013.wav| ma per secoli i risultati hanno un effetto così disastroso gli eventuali cattivi raccolti per secoli Comunque si raccoglie sempre abbastanza per evitare che la gente muoia di fame per la strada Ecco nelle annate cattive cosa succede succede che il pane
74_La_crisi_del_Trecento_recessione_e_Innovazione_-_ExtraBarbero_Grattacielo_Intesa_Sanpaolo_2019/0014.wav| Ecco provate a pensare un salariato in una società che comunque non è certo ricca come le nostre un salariato che guadagna l'equivalente di qualche centinaio di euro al mese è che ha tanti figli perché la popolazione sta aumentando perché la gente fa tanti figli e cosa mangiano alla fine i poveri mangiano pane è l'alimento più a buon mercato i quaderni mangiano pane il pane costa €1 al chilo il vento ai non c'era l'euro naturalmente ma è per capirci il pane costa €1 al chilo il salariato che ha 5 o 6 figli e deve comprarne parecchi di kg di pane al giorno e coi suoi €300 400 di salario Campano non è che mettono molto da parte ma Campano tirano avanti e negli anni cattivi il pane costa €1,50 al kg e allora bisogna stringere un po' la cinghia davvero non risparmi più niente e magari per qualche mese Vai a dormire che hai ancora un po' di appetito eh però finisce lì
74_La_crisi_del_Trecento_recessione_e_Innovazione_-_ExtraBarbero_Grattacielo_Intesa_Sanpaolo_2019/0015.wav| Quando in una parte d'Europa le cose vanno veramente male il raccolto è veramente disastroso Ovviamente i governi cercano di rimediare perché non è che un signore di una città o un comune vuole vedere morire di fame la e quindi si compra il grano da un'altra parte e si fa venire e si mette sul mercato a prezzo politico è bene o male la gente tira avanti fino al prossimo
74_La_crisi_del_Trecento_recessione_e_Innovazione_-_ExtraBarbero_Grattacielo_Intesa_Sanpaolo_2019/0016.wav| capito e quali sono i mesi in cui hai più fame hai fame subito prima del nuovo raccolto comincia aver fame a marzo-aprile quando durante l'inverno ti sei mangiato tutto e sei il raccolto della prima è stato scarso e allora in primavera è rimasto meno li fai un po' la fame aprile-maggio-giugno tiri giugno a luglio in Italia si miete e finalmente c'è di nuovo grano per tutti allora all'inizio del Trecento comincia a succedere che i cattivi raccolti diventano più frequenti e il loro impatto è più pesante comincia succedere che c'è un cattivo raccolto e il prezzo e non si capisce perché loro non hanno una teoria economica Eh però tengono conto gli dicevo che non hanno niente i prezzi li calcolano i prezzi i cambi e loro stanno attenti perché il Mercante ci fanno i soldi con il prezzo del grano naturalmente quindi a quello stanno attenti e i cronisti delle
74_La_crisi_del_Trecento_recessione_e_Innovazione_-_ExtraBarbero_Grattacielo_Intesa_Sanpaolo_2019/0017.wav| cominciano a dirtelo sempre più spesso quest'anno gran caro quest'anno il grano il pane non costa €1 a €1,50 Costa €2 L'anno dopo di nuovo o ancora peggio gran fame il pane costa €3 al chilo lo vuoi capire i salari sono sempre quelli di prima eh È per quello che colpa ne ha €1 al kg da mangiare tutti i figli col pane a €3 al kg vanno tutti a dormire con la pancia vuota e la gente non muore di fame per la strada però i bambini crescono rachitici e c'è tanta gente in i poveri I braccianti salariati gli operai si ammalano più facilmente guarisco più difficilmente e poi e poi a un certo punto è la troppe ci sono due o tre anni di seguito 3315 il 1317 quando in gran parte d'Europa i raccolti vanno malissimo per 3
74_La_crisi_del_Trecento_recessione_e_Innovazione_-_ExtraBarbero_Grattacielo_Intesa_Sanpaolo_2019/0018.wav| di seguito e per 3 anni di seguito vuol dire che già il secondo anno c'è la gente che muore di fame per la strada perché perché perché non si trova neanche da comprare grano altrove per tutto è andato male in passato se tu governare una città tedesca riuscivi Meno male a far venire grano della Russia Fallo venire dalla Turchia adesso sta andando male da di colpo l'Europa che per l'epoca è abituata a crescere ottimista si scopre che non si non si riesce più a dar da mangiare a
74_La_crisi_del_Trecento_recessione_e_Innovazione_-_ExtraBarbero_Grattacielo_Intesa_Sanpaolo_2019/0019.wav| allora perché è successo questo c'è una risposta possibile che tocca qualcosa che interessa anche a noi e cioè il cambiamento che il clima cambia va anche in passato
74_La_crisi_del_Trecento_recessione_e_Innovazione_-_ExtraBarbero_Grattacielo_Intesa_Sanpaolo_2019/0020.wav| Ben prima che l'uomo comincia se hai mettere anidride carbonica nell'atmosfera il che non vuol dire che oggi non è non è colpa nostra oggi è sicuramente colpa nostre però il clima è cambiato anche in passato ha avuto i suoi alti e bassi quando vi dicevo che nel Medioevo per secoli crescono e beh Noi abbiamo abbastanza indizio del fatto che era faceva caldo
74_La_crisi_del_Trecento_recessione_e_Innovazione_-_ExtraBarbero_Grattacielo_Intesa_Sanpaolo_2019/0021.wav| faceva caldo e per un'economia basata sull'agricoltura non c'è niente di meglio basta un grado in più all'anno in media e i raccolti vengono meglio
74_La_crisi_del_Trecento_recessione_e_Innovazione_-_ExtraBarbero_Grattacielo_Intesa_Sanpaolo_2019/0022.wav| naturalmente potete chiedermi come facciamo a saperlo io mi fido dei nostri scienziati ci sono scienziati che si occupano della storia del clima appunto nella storia ecco è che hanno una serie di metodologie che io personalmente non so applicare Però facendo dei carotaggi nei ghiacciai oppure esaminando gli anelli dei tronchi d'albero se tu hai delle travi di una certa costruzione e sai quando è stato costruito quel castello e quindi sai che quel trave è stato abbattuto In quegli anni e poi vai a vedere dagli anelli del tronco dell'anno è cresciuto di più quell'anno tutto di meno Ecco gli scienziati fanno delle cose di estrema raffinatezza in questo e ci dicono che appunto per secoli ha fatto caldo e c'è stato un clima stabile hai visto del 300 il clima impazzisce cominciamo a leggere nelle cronache resoconti di piogge torrenziali e inondazioni disastrose pioggia nella stagione
74_La_crisi_del_Trecento_recessione_e_Innovazione_-_ExtraBarbero_Grattacielo_Intesa_Sanpaolo_2019/0023.wav| sbagliata che rovinano i raccolti e complessivamente comincia a fare più freddo all'ingrosso farà più freddo per secoli è noi oggi non abbiamo idea nel nostro mondo caldo del freddo che ha fatto tra la fine del medioevo è tutta l'età moderna all'inizio del Settecento la Senna gelava a Parigi il Tamigi Gela va a Londra sul Tamigi gelato di inverno si teneva una fiera e c'è un anno il 1709 in cui il vino a Parigi si vende a blocchi ghiacciati Perché il mio nelle Botti tutto gelato tu lo spacchi con la scure lo vendi a blocchi il crisi del Trecento è il primo inizio di questa che poi gli storici hanno chiamato la piccola Era Glaciale e che durerà secoli e dunque Sì Certamente questo un clima impazzito più freddo soprattutto con piogge incontrollate raccolti devastati
74_La_crisi_del_Trecento_recessione_e_Innovazione_-_ExtraBarbero_Grattacielo_Intesa_Sanpaolo_2019/0024.wav| però però questo non basta per cosa veramente drammatica e che punto un cattivo raccolto non fa passare il prezzo del pane da €1 a €1,50 lo fa schizzare a 3-4 €5 com'è possibile vuol dire che anche se loro non si rendono conto sono in troppi a forza di crescere a forza di fare figli e tranquilli perché finora c'era sempre riuscito a dar da mangiare a tutti Sono arrivati a un momento in cui non ci sono più riusciti E come mai non ci sono più riusciti e invece prima ci riuscivano lì c'è problema grossissimo
74_La_crisi_del_Trecento_recessione_e_Innovazione_-_ExtraBarbero_Grattacielo_Intesa_Sanpaolo_2019/0025.wav| noi oggi riusciamo a dare da mangiare a una popolazione enormemente più numerosa perché abbiamo delle tecnologie che ci permettono di farlo tu sei il grano e hai dei fertilizzanti che ti danno la garanzia di raccolti enormi tanto che il nostro problema non è di non riuscire a produrre abbastanza che produciamo troppo alti Dopodiché invece Allora non è così e loro sotto la pressione durata secoli per cui bisognava dare da me se ne rendevano conto è Com'è che noi eravamo due fratelli Adesso invece io ho 5 figli è e però il campo che ti ha lasciato mio nonno è sempre quello E allora E allora si ingegnano è di trovare delle innovazioni i contadini migliorano gli attrezzi migliora l'aratro per arare più in profondità i campi e quindi ottenere raccolti migliori sperimentano provano a seminare
74_La_crisi_del_Trecento_recessione_e_Innovazione_-_ExtraBarbero_Grattacielo_Intesa_Sanpaolo_2019/0026.wav| le nuove varietà diverse di grano Però al di là di queste innovazioni che ci sono non fanno la rivoluzione scientifica non in non è il fertilizzante chimici nel motore a scoppio fanno dei piccoli miglioramenti E per il resto è per il resto se dobbiamo produrre di più metteremo a coltura più Terra ce n'è tanta di terra il mondo medievale All'inizio era poco popolato E allora va bene ci allarghiamo Il contadino che ha bisogno di dare da mangiare a più figli al di là del suo campo 50 m di sterpaglie di rovi di Boschetto d'accordo e a un certo punto si mette lì e con pazienza mettendoci degli anni forza di Roncola Tira giù i rovi tira giù il bosco e allarga il suo campo
74_La_crisi_del_Trecento_recessione_e_Innovazione_-_ExtraBarbero_Grattacielo_Intesa_Sanpaolo_2019/0027.wav| e in questo modo che per secoli hanno dato da mangiare a sempre più gente e poi arrivano un certo punto che si accorgono che di terra Non ce n'è più noi abbiamo dei sintomi già nel 200 te con il 200 abbiamo per la prima volta delle autorità che fanno delle leggi per proteggere dai boschi per esempio dicendo quel po' di posto che è rimasto sul nostro territorio vietato abbatterlo perché il bosco è indispensabile naturalmente è le cose che sono indispensabili per vivere nel Medioevo solo il grano per fare il pane il vino che è un fondamento dell'alimentazione e la legna per scaldarsi nei testamenti un bravo padre di famiglia che muore lascia la moglie vedova non si fida che i figli come dire la trattino bene fissa per testamento quanta farina quanto vino e quanta legna i figli devono dare alla madre
74_La_crisi_del_Trecento_recessione_e_Innovazione_-_ExtraBarbero_Grattacielo_Intesa_Sanpaolo_2019/0028.wav| e quelle l'indispensabile il bosco ci vuole ma nel 200 cominciamo ad avere delle autorità che dicono qui Se non fermiamo questi che con la roncola tirano giù per coltivare il grano rimarremo senza bosco e poi cos'altro altri sintomi alla fine del Medioevo si coltiva il grano la Segala a 1500 m di altezza si coltivano i cereali in montagna dove la terra non rende niente con quel clima Non vale la pena diciamo noi Loro avrebbero detto Non vale la pena noi moriamo di fame Se no però è chiaro che sei anche riesci a terrazzare in montagna e a seminare cereali a 1000 o 1500 metri di altezza però ti renderanno poco poco e dopo un po' quella era lì sarà esaurita In sostanza l'Europa all'inizio del Trecento rispetto ai suoi mezzi tecnologici è arrivata la massima espansione possibile non ci
74_La_crisi_del_Trecento_recessione_e_Innovazione_-_ExtraBarbero_Grattacielo_Intesa_Sanpaolo_2019/0029.wav| può più allargare e c'è un momento in cui la gente continua a fare figli e però il prodotto che arriva sul mercato è sempre quello e se quest'anno il raccolto e cattivo saremo in così tanti disperati disposti a pagare qualunque cifra poi gliela del grano che i prezzi schizer anno in su e quindi questa è la prima cosa la popolazione europea ha continuato a crescere fino al punto in cui non era più possibile dare da mangiare tu
74_La_crisi_del_Trecento_recessione_e_Innovazione_-_ExtraBarbero_Grattacielo_Intesa_Sanpaolo_2019/0030.wav| E questa situazione è aggravata da un clima impazzito che fa sì che appunto anche quando va tutto bene d'accordo si riesce a dare da mangiare a tutti con fatica e quando male quando va male la gente muore di fame
74_La_crisi_del_Trecento_recessione_e_Innovazione_-_ExtraBarbero_Grattacielo_Intesa_Sanpaolo_2019/0031.wav| Questo è il primo aspetto per cui noi parliamo del Trecento con un secolo di crisi e per tutto il secolo noi continueremo a vedere queste oscillazioni folli dei prezzi per cui in certi anni raccolta è talmente Cattivo che il grano Appunto non costa più neanche 123 ma costa €20 al chilo in certi momenti Poi però c'è un secondo aspetto della crisi
74_La_crisi_del_Trecento_recessione_e_Innovazione_-_ExtraBarbero_Grattacielo_Intesa_Sanpaolo_2019/0032.wav| che non certo senso è la soluzione del primo però è una di quelle soluzioni che insomma ti fanno venire un po' l'angoscia gli ho detto che la prima grande carestia Europea è del 1003 15-16-17 piove sempre in primavera in estate i raccolti marciscono e la gente muore si va avanti bene o male per per una generazione ancora una cretina così tremenda non torna più però la situazione è sempre drammatica i poveri sono sempre sotto nutriti e poi
74_La_crisi_del_Trecento_recessione_e_Innovazione_-_ExtraBarbero_Grattacielo_Intesa_Sanpaolo_2019/0033.wav| e poi nel 1347 all'improvviso compare una malattia che nessuno aveva mai sentito che nessuno sa cosa sia e contro cui nessuno sa cosa fare
74_La_crisi_del_Trecento_recessione_e_Innovazione_-_ExtraBarbero_Grattacielo_Intesa_Sanpaolo_2019/0034.wav| perché a me non la peste perché è un termine che c'è nel loro lessico nei negli storici antichi si legge che ci fu la peste ad Atene al tempo di Pericle e la peste a Roma al tempo di Marco Aurelio è la peste a Costantinopoli al tempo di Giustiniano Noi non sappiamo se è la stessa malattia o è un'altra loro La chiamano la peste perché il termine che usano quando una mal improvvisa contagiosi sissima comincia a sterminare la gente questa malattia arriva arriva dall'Asia è un mondo globalizzato perché bene in te Cioè io vi sto parlando di come i poveri faticano a tirare avanti ma quello continua a essere un mondo ricco pieno di mercanti che fanno un sacco di soldi e che sono andati sulle orme di Marco Polo in Cina è in Medio Oriente le importazioni e le esportazioni fanno fare profitti giganteschi su una nave che arriva dal Mar Nero nel 1346
74_La_crisi_del_Trecento_recessione_e_Innovazione_-_ExtraBarbero_Grattacielo_Intesa_Sanpaolo_2019/0035.wav| arriva Messina appunto qualcuno ammalato di una malattia che nessuno sapeva prima cosa fosse E questa malattia si scopre subito che è contagiosi sissima e che ammazza la testa e poi è stata studiata studiata alla fine dell'Ottocento è stato trovato l'agente patogeno che la provoca anche se poi in realtà lo sapete che i microbi per parlare in termini non senti i microbi mutano continuamente per cui non siamo mica sicuri noi che quello che conosciamo noi come la peste sia davvero quello che si manifestava Allora noi abbiamo avendo tutti letto il manzo che racconta la peste di Milano del 1630 abbiamo tutto in mente la peste bubbonica quando gonfiano i linfonodi Ecco in realtà la peste bubbonica anche se fa orrore non è più mortale la peste veramente pericolosa due pericolose ma il tasso di mortalità pazzesco c'era la peste polmonare In pratica è una super polmonite in un epoca che non ha gli
74_La_crisi_del_Trecento_recessione_e_Innovazione_-_ExtraBarbero_Grattacielo_Intesa_Sanpaolo_2019/0036.wav| per cui la gente si ammala gli va la febbre a 40 41 due o tre giorni e la gente muore questa malattia enormemente contagiosa nel 1348 investe tutta Italia europa meridionale la racconta il Boccaccio nel Decameron la peste a Firenze nel 49 arriva in Inghilterra in Scandinavia è una malattia devastante te Noi non sappiamo quanta percentuale della popolazione uccide perché loro non hanno granché come anagrafe in qualche città si possono provare a fare dei conti In altri casi si fanno delle Stime però diciamo
74_La_crisi_del_Trecento_recessione_e_Innovazione_-_ExtraBarbero_Grattacielo_Intesa_Sanpaolo_2019/0037.wav| che un terzo della popolazione europea probabilmente muore Nel giro di quei mesi nei quali la peste si ferma in una certa località ovviamente dal nostro punto di vista e anche la loro è una tragedia sconvolgente però fa impressione come loro in realtà una volta finita questa cosa non si fermano a piangere su quello che è successo ripartono quella è una società che ha una vitalità incredibile per cui Immediatamente dopo si ricomincia la politica gli affari la guerra i profitti e naturalmente ci si risposa e si fanno bambini per cui in realtà nonostante questo taglio drastico un terzo della popolazione Se non altro adesso c'è da mangiare più o meno per tutti
74_La_crisi_del_Trecento_recessione_e_Innovazione_-_ExtraBarbero_Grattacielo_Intesa_Sanpaolo_2019/0038.wav| crescono di nuovo Fanno un sacco di bambini se la dimenticano
74_La_crisi_del_Trecento_recessione_e_Innovazione_-_ExtraBarbero_Grattacielo_Intesa_Sanpaolo_2019/0039.wav| 12 o 13 anni dopo 1361 ritorna eri fa lo stesso giro attraversa tutta Europa stavolta portano un terzo della popolazione ma ammazza comunque un'infinità di gente in zone dove quello del 48 Si era sentita poco a Milano per esempio quando il 48 non era quasi arrivata le 61 arriva e fa strage Inoltre loro si accorgono di una cosa questa peste nel 1361 Ammazza i bambini particolare che sono nati dopo e non sono immunizzati in nessun modo e quindi tutto quel recupero demografico che c'era stato viene di nuovo rischia cacciato E da questo momento in poi per altre volte ritorna mai con la violenza della prima volta e neanche della seconda però nel corso del trecento e dei primi del Quattrocento c'è tutto ogni 10 15
74_La_crisi_del_Trecento_recessione_e_Innovazione_-_ExtraBarbero_Grattacielo_Intesa_Sanpaolo_2019/0040.wav| l'epidemia arriva e ogni volta si mangia il 10% il 15% della popolazione Io ho fatto una volta il conto di quello che sarebbe successo a me e se io fossi nato nel 300 Io sono nato nel 1959 Se fossi nato nel 1359 la prima epidemia l'avrei scampata e statale 48 Io sono nato nel 1359 quando ho 2 anni nel 61 arriva la nuova epidemia che ammazza soprattutto i bambini a tutti Uno sopravvive la successiva è arrivata nel tra il 71 e 74 quando io avevo fra i 12 e i 15 anni immaginiamo di sopravvivere anche a quella la successiva e arrivo dell' 81 Quando io ho 22 anni sopravvivi anche a quella ne arriva un'altra violentissima la più violenta dopo la prima 1399 c'è quando io avevo
74_La_crisi_del_Trecento_recessione_e_Innovazione_-_ExtraBarbero_Grattacielo_Intesa_Sanpaolo_2019/0041.wav| Vabbè 40 anni hai già fatto delle cose Comunque compresi dei figli però capite Cosa vuol dire per le generazioni che si sono trovate in questa situazione il risultato è che mentre una singola epidemia per quanto terribile Non avrebbe impedito alla popolazione di crescere di nuovo come è successo dopo la Seconda Guerra Mondiale No che sei stato il baby edicola in pochissimi anni le perdite umane sono state colmate E invece questa successione di epidemie significa che la popolazione non ce la fa proprio più a crescere e all'inizio del Quattrocento noi possiamo calcolare che a occhio e croce la popolazione dell'Europa è la metà rispetto a quella che era un secolo prima
74_La_crisi_del_Trecento_recessione_e_Innovazione_-_ExtraBarbero_Grattacielo_Intesa_Sanpaolo_2019/0042.wav| beninteso
74_La_crisi_del_Trecento_recessione_e_Innovazione_-_ExtraBarbero_Grattacielo_Intesa_Sanpaolo_2019/0043.wav| tutto questo con queste ondate di peste che poi sono Distanziate Enel fra l'una e l'altra la vita va avanti è l'anno avanti gli affari e va avanti anche la crescita in un certo senso Perché quella è una società che sta accumulando anche conoscenze idee all'inizio del Quattrocento noi vediamo se guardiamo alla popolazione Un'Europa devastata la metà della popolazione del rispetto un secolo prima ma all'inizio del Quattrocento e quando cominciano a lavorare Donatello Masaccio Cioè sta cominciando Rinascimento la generazione che ha creato il Rinascimento è nata nel pieno di questa tragedia già questo basta farci capire la forza che hai in realtà questa società medievale
74_La_crisi_del_Trecento_recessione_e_Innovazione_-_ExtraBarbero_Grattacielo_Intesa_Sanpaolo_2019/0044.wav| però una popolazione dimezzata punto ti dà il senso quanto abbandono quante cose interrotte Ecco le cose interrotte Se volete avere l'immagine plastica di quello che ha voluto dire in certi casi la peste se siete stati a Siena Avete presente il Duomo di Siena costruzione in meno rispetto a quella che oggi è una cittadina credo che oggi la popolazione di Siena posso starci tutta dentro al Duomo il Duomo di Siena È immenso è stato creato da una città che nella prima metà del Trecento era stra ricca piena di popolazione formicolante di attività piena di soldi che vengono investiti in questo gigantesco cantiere alla fine l'ho costruito questa immensa cattedrale che è sproporzionata oggi lo era ancora di più Allora rispetto agli abitanti della città ma è il simbolo di come Siena È orgogliosa ricca
74_La_crisi_del_Trecento_recessione_e_Innovazione_-_ExtraBarbero_Grattacielo_Intesa_Sanpaolo_2019/0045.wav| hotel prossima volta che ci andate fate caso se uno guarda il Duomo di Siena dalla facciata giù in fondo si distacca uno dal Pian del Duomo un muro che arriva fino a un certo punto ha qualche bifora in parte è rivestito già di marmo e poi finisce lì non porta nessuna parte a Siena verso la metà del Trecento avevano deciso che il duomo di cenere troppo piccolo Perché per come erano ricchi loro e per come pensavano di Cresci volevano fare qualcosa di più dei fiorentini stavano lavorando a Santa Maria del Fiore naturalmente Quindi sei mesi doveva andare tenere il passo avevano pensato va bene il tuo attuale diventerà il transetto di quello nuovo lo sapete la Cattedrale hanno forma di croce e il lato corto è il transetto no Noi prendiamo la Cattedrale che abbiamo
74_La_crisi_del_Trecento_recessione_e_Innovazione_-_ExtraBarbero_Grattacielo_Intesa_Sanpaolo_2019/0046.wav| e diventerà la parte corta di quella nuova e hanno cominciato a costruirla erano arrivati a quel pezzo di muro quando è arrivata la peste e Siena si è svuotata
74_La_crisi_del_Trecento_recessione_e_Innovazione_-_ExtraBarbero_Grattacielo_Intesa_Sanpaolo_2019/0047.wav| e benché poi Siena si è ripartita è rimasta ancora per un po' una città di mercanti di banchieri ma non ha mai più avuto la forza di andare avanti e quei lavori sono stati bloccati lì Ecco la fotografia di quello che è successo in quella città quando è arrivata la peste
74_La_crisi_del_Trecento_recessione_e_Innovazione_-_ExtraBarbero_Grattacielo_Intesa_Sanpaolo_2019/0048.wav| euro potrebbe pensare va bene Almeno però abbiamo risolto un problema quello di dar da mangiare a tutti e da un certo punto di vista è anche vero perché adesso negli anni normali se Dio vuole effettivamente il grande non costa niente che il grano non costi niente Non sono tutti contenti i produttori di grano per esempio non sono contenti per niente però insomma negli anni normali mangiano tutti Certo il problema è che il clima continua a essere pazzo e quindi gli anni normali ce ne sono pochi e il clima fa quello che vuole e quindi i prezzi continuano lo stesso a oscillare non è bastato dimezzare la popolazione per essere sicuri che tutti mangiano a sazietà
74_La_crisi_del_Trecento_recessione_e_Innovazione_-_ExtraBarbero_Grattacielo_Intesa_Sanpaolo_2019/0049.wav| Anche perché c'è anche un altro problema che fa del Trecento un secolo di crisi Guardate come si diceva una volta Liberaci signore da peste fame guerra peste e fame le abbiamo fatte rimane la guerra
74_La_crisi_del_Trecento_recessione_e_Innovazione_-_ExtraBarbero_Grattacielo_Intesa_Sanpaolo_2019/0050.wav| la guerra naturalmente c'è sempre stata in ogni epoca
74_La_crisi_del_Trecento_recessione_e_Innovazione_-_ExtraBarbero_Grattacielo_Intesa_Sanpaolo_2019/0051.wav| e nel Medioevo nei secoli di grande crescita medievale la guerra c'era dappertutto ma erano guerre su piccola scala forse proprio perché la guerra era una cosa familiare normale per noi oggi è difficile immaginarlo perché per noi la guerra è proprio un interruzione della vita normale ed è una tragedia che nessuno vuole almeno a parole nel Medioevo non era così guerra è un modo normale di risolvere i problemi abbiamo delle controversie e vediamo chi è più forte non riusciamo a metterci d'accordo La guerra è sempre la possibile soluzione è la soluzione quando due città sono in contrasto perché perché noi gli abbiamo chiesto di non fare più pagare il pedaggio ai nostri tanti sulle vostre strade e voi ci avete risposto picche e noi non abbiamo voglia di sopportare la vostra degli sua lenza per la facciamo vedere noi siamo più forti vi dichiariamo guerra
74_La_crisi_del_Trecento_recessione_e_Innovazione_-_ExtraBarbero_Grattacielo_Intesa_Sanpaolo_2019/0052.wav| può anche capitare banalmente fra due signori due castelli vicini eh Sono anni che litighiamo perché le tue vacche vengono a pascolare Al di là del Torrente ma non siamo d'accordo che il 30 è il confine tra le nostre signori e dice No a me non risulta io leva che le mando anche oltre sicuro sicuro Va bene allora ti sfido sappi che d'ora in poi siamo in guerra tra loro in poi siamo in guerra vuol dire chiamo i miei fratelli i miei cugini e qualcuno dei miei collaboratori più fidati e dico Allora oggi è giovedì vi va bene sabato dai Sabato mattina tutti a cavallo armati portate gli amici e andiamo a dargli una bella lezione ai nostri vicini di là si attraversa il fiume si va da loro si tagliano le viti si brucia anche capanna di contadini li portiamo via le vacche se hanno coraggio vengono fuori e combattiamo e se no ce ne torniamo a casa La guerra è finita e a quel punto La guerra è questo
74_La_crisi_del_Trecento_recessione_e_Innovazione_-_ExtraBarbero_Grattacielo_Intesa_Sanpaolo_2019/0053.wav| è presente dappertutto ma è su piccoli Sì ma scala quindi la sua capacità distruttiva e limitatissima sono guerre combattute da pochi uomini e che durano qualche giorno nel trecento c'è stata una guerra di cui tutti voi vi ricordate che si chiama la Guerra dei cent'anni ecco prima di lavoro qualche giorno il 300 e un'altra cosa Ma proprio perché è una società che è diventata più ricca intanto tutti sono un po' più ricchi ma soprattutto il resto sono più ricchi i comuni governi sono più ricchi le tasse rendono ci sono più soldi e allora possono venire idee più ambiziose la Guerra dei cent'anni tra cent'anni perché era non è una guerra tra due città o due comuni due signori locali e la guerra con cui il re d'Inghilterra vuole conquistare il regno di Francia
74_La_crisi_del_Trecento_recessione_e_Innovazione_-_ExtraBarbero_Grattacielo_Intesa_Sanpaolo_2019/0054.wav| abbastanza soldi è abbastanza ottimismo da poter concepire il progetto ma non abbastanza per portarlo a termine e quindi rimangono in fogna in questa situazione in cui i due paesi sono in guerra in certi momenti fanno delle tre guerre Beninteso Eh però complessivamente appena il re d'Inghilterra sente di avere la possibilità di farlo da guerra ricomincia e la guerra vuol dire ancora adesso attraversare il territorio nemico e devastare portarvi il bestiame distruggere i raccolti ma ma lo si fa più grande scala perché ci sono più soldi e quindi più mercenari che combattono queste guerre Naturalmente se combatte una guerra pagando bene I Mercenari e li devi pagare bene perché sono specialisti un mercenario ha fatto un bel investimento un cavallo da guerra questo come una Ferrari l'armatura costa addestrarsi per anni a saper combattere
74_La_crisi_del_Trecento_recessione_e_Innovazione_-_ExtraBarbero_Grattacielo_Intesa_Sanpaolo_2019/0055.wav| hallo in armatura costa I Mercenari costano Carissimi il re i soldi li hanno quando non le hanno più li prendono in prestito quando sono impegnati nei debiti non riescono più a far fronte dichiarano i Banchieri che non pagheranno i debiti Tanto chi mi può costringere Ecco la dimensione della crisi del Trecento che capita sempre dimenticare mai venuta fuori bene Adesso è che in questo mondo dove il credito è importante i soldi girano e non ce n'è mai abbastanza però è il re di Francia di Inghilterra prendono soldi a valanghe dalle banche italiane di San Paolo non esisteva ancora all'epoca Per fortuna c'è due secoli dopo se no avrebbe prestato sicuramente anche il San Paolo soldi al re d'Inghilterra Come fanno le grandi banche fiorentine i bardi e Peruzzi ai quali è un certo punto era d'Inghilterra dice Mi dispiace io non ho soldi quindi non vi pago e chi lo può costringere e le banche falliscono naturalmente a quel punto ed è
74_La_crisi_del_Trecento_recessione_e_Innovazione_-_ExtraBarbero_Grattacielo_Intesa_Sanpaolo_2019/0056.wav| ho finito i soldi il re dice ai mercenari Io purtroppo lo so che la guerra non è finita ma non ho più soldi quindi la sua spenderei e I Mercenari chi li mantiene continuano lago era per conto proprio tanto il meccanismo è chiaro si va in giro per la Francia a bruciare a saccheggiare e a vivere alle spalle dei contadini in Italia Uno dice non c'è la guerra dei 30 anni ma in Italia ci sono i Visconti che sognano di diventare il re d'Italia O almeno tutti gli altri stati italiani non ha paura tremenda che gli sconti vogliano fare questo e quindi e quindi bisogna combattere bisogna frenarli Venezia Firenze il papà e queste guerre durano anni e anni perché ormai sono guerre fra Stati struttura a t che Tassano spietatamente e quindi hanno i soldi da spendere ma anche in Italia a un certo punto i soldi finiscono e I mercenari a questo punto si aggirano per l'Italia quando incontrano
74_La_crisi_del_Trecento_recessione_e_Innovazione_-_ExtraBarbero_Grattacielo_Intesa_Sanpaolo_2019/0057.wav| città fanno sapere che o vengono pagati o saccheggio erano quella città e le città pagano la guerra va avanti va avanti va avanti
74_La_crisi_del_Trecento_recessione_e_Innovazione_-_ExtraBarbero_Grattacielo_Intesa_Sanpaolo_2019/0058.wav| il Mercante che dovrebbe andare alla fiera
74_La_crisi_del_Trecento_recessione_e_Innovazione_-_ExtraBarbero_Grattacielo_Intesa_Sanpaolo_2019/0059.wav| si informa prima è sicura la strada da Torino fino a Susa che c'è la fiera di Susa domani ho solo segnalati i gruppi di continuo mi ni darmi nella zona perché sono segnalati nelle ultime settimane gruppi di uomini d'arme nella zona io magari non ci vado domattina alla fiera di Susa perché se mi fermano lungo la strada con la mia carovana di Muletti carichi di merci va già bene se porto a casa la pelle e alla fiera di Susa Non arriva nessuno quell'anno è che funziona così e i contadini quando va bene ci sono gli uomini d'arme che vengono a sistemarti lì e vanno all'osteria e mangiano e bevono e ci stanno qualche settimana e poi se ne vanno e non pagano il conto ci sono anche uomini d'arme Onesti che lasciano genere l'armatura impegno è più di un documento in proposito però molti invece se ne vanno senza pagare chi li costringe Ecco la guerra senza essere
74_La_crisi_del_Trecento_recessione_e_Innovazione_-_ExtraBarbero_Grattacielo_Intesa_Sanpaolo_2019/0060.wav| non ci sono i bombardamenti aerei d'accordo però è permanente e quindi è qualcosa che frena in modo permanente l'attività economica e commercio sono danneggiati rallentati la circolazione monetaria rallenta i raccolti in certe zone sono devastati molta gente viene ucciso catturata da pagare un riscatto Insomma allora come capite gli storici di fronte a un quadro di questo genere a un certo punto hanno detto Senti Facciamo che riassumere tutto in una foto la crisi del Trecento generazioni e generazioni che sono vissute in un mondo in cui la crescita si è interrotta i raccolti vanno spesso male la peste arriva tutti i momenti ad ammazzare la gente La guerra è dappertutto
74_La_crisi_del_Trecento_recessione_e_Innovazione_-_ExtraBarbero_Grattacielo_Intesa_Sanpaolo_2019/0061.wav| poi gli storici hanno questa abitudine di vedere le cose un po' da lontano un secolo è un tempo incredibilmente lungo nessuno vissuto Allora ha fatto in tempo a vedere tutte queste cose che ho visto raccontando
74_La_crisi_del_Trecento_recessione_e_Innovazione_-_ExtraBarbero_Grattacielo_Intesa_Sanpaolo_2019/0062.wav| Manuele vediamo da lontano e quindi ci viene naturale collegare anche le altre cose fare un quadro unitario tutto questo dal punto di vista del morale degli umori della gente che effetto ha avuto perché la crisi anche questo è oggi ci siamo abituati perché per noi la crisi e anche qui la fiducia dei mercati come dicono gli economisti e quindi è importante che la gente sa che si vive in un mondo dove va bene ci sono delle difficoltà però bene o male c'è speranza Ecco è nel mondo del 300 quanta speranza c'è e ci sono altri fattori che la fanno diminuire la speranza mi diceva che è un mondo Cristiano
74_La_crisi_del_Trecento_recessione_e_Innovazione_-_ExtraBarbero_Grattacielo_Intesa_Sanpaolo_2019/0063.wav| profondamente cristiano cattolico tutta Europa non c'è ancora stata la riforma protestante sono cattolici dalla Sicilia alla Scandinavia è tutto questo mondo guarda al papà come alla sua guida morale Beninteso da sempre ci sono proteste critiche pettegolezzi la Corte di Roma e corrotta La chiesa è diventata una grande macchina amministrativa che succhia soldi che distribuisce benefici e prebende anche persone non meritevoli non tutti i cardinali non tutti i vescovi non tutti i parroci sono persone specchiate Anzi da sempre ci sono critiche ed è così Perché la Chiesa è un enorme macchina amministrativa che da Roma governa un'infinità di realtà locali e i soldi girano dappertutto perché ogni vescovo ogni parroco d'Europa paga delle tasse che vanno a Rho
74_La_crisi_del_Trecento_recessione_e_Innovazione_-_ExtraBarbero_Grattacielo_Intesa_Sanpaolo_2019/0064.wav| e in tante parti d'Europa la gente mugugna perché i soldi nostri vanno a Roma Ecco Roma ladrona Dopodiché Dopodiché però al tempo stesso c'è la sensazione che la Chiesa è la struttura che garantisce a tutti comunque istruzione insegnamento morale guida è un orizzonte pieno di difetti e questo è inevitabile perché gli uomini sono peccatori Ma è un orizzonte collettivo comune e poi all'inizio del Trecento succede che il papà si scontra violentemente con il re di Francia Filippo il bello la Francia all'epoca è la grande potenza è come se fossero oggi gli Stati Uniti è il paese più popoloso più ricco del mondo Cristiano e il papà si scontra con il re di Francia proprio perché il re di Francia come dire si sta abituando all'idea che neve
74_La_crisi_del_Trecento_recessione_e_Innovazione_-_ExtraBarbero_Grattacielo_Intesa_Sanpaolo_2019/0065.wav| Francia comanda lui è che anche il clero deve obbedire al re e non al papà e deve pagare tasse al re e non al papà E allora E allora il papà non è tanto contento Naturalmente il papa Bonifacio VIII papà formidabile e si arriva allo scontro violentissimo di Francia dei suoi emissari che addirittura arrestano il papà un certo punto lo schiaffeggia No papà poi viene liberato ma muore di crepacuore poco dopo eleggono il nuovo papà qual è la priorità politica del nuovo papà bisogna fare la pasta corre per forza e la grande potenza del mondo Cristiano il grande protettore della chiesa bisogna fare la pace e succede una cosa che noi Siccome la studiamo a scuola ci sembra una banalità è ovvio il papato avignonese Certo c'è stato il papato che per molto tempo anzi che risiede a Roma è andato ad Avignone effettivamente il papà
74_La_crisi_del_Trecento_recessione_e_Innovazione_-_ExtraBarbero_Grattacielo_Intesa_Sanpaolo_2019/0066.wav| del Trecento a un certo punto decide che per negoziare meglio col re di Francia si trasferisce ad Avignone che è un possedimento del papà però in Francia cosa c'è di più comodo si trasferisce lì
74_La_crisi_del_Trecento_recessione_e_Innovazione_-_ExtraBarbero_Grattacielo_Intesa_Sanpaolo_2019/0067.wav| e poi ci rimane e dopo un po' la gente comincia a chiederti quand'è che tornerò ma per adesso non è previsto ma ovviamente Torneremo a Roma certo sì sì ma per il momento non è previsto non sappiamo bene quando torneremo Dopodiché ci resta per 70 anni allora Ripeto noi questa cosa il papato avignonese La cattività avignonese si diceva anche dei vecchi manuali No siccome è successo certo punto lo consideriamo una cosa abbastanza banale provate a pensare oggi oggi che pure non siamo più una società realmente Cattolica ha moltissima gente non importa niente di quello che può fare o dire il papà Ma pensate per i cattolici più convinti cosa vorrebbe dire immaginate il papà che un certo punto dopo un furibondo litigio col presidente degli Stati Uniti con l'attuale presidente non ci sarebbe da stupirsi direi e poi però bisogna trovare un modo di mettersi d'accordo il papà provv
74_La_crisi_del_Trecento_recessione_e_Innovazione_-_ExtraBarbero_Grattacielo_Intesa_Sanpaolo_2019/0068.wav| ovviamente avverte che il governo della chiesa da Roma in San Pietro si trasferisce a Baltimora Baltimora e poi non torna più
74_La_crisi_del_Trecento_recessione_e_Innovazione_-_ExtraBarbero_Grattacielo_Intesa_Sanpaolo_2019/0069.wav| Provate a immaginare il disagio crescente che provocherebbe questa situazione Dopodiché dopo 70 anni che è lì il papà finalmente decide di tornare a Roma il papà tornato a Roma litiga immediatamente con i cardinali te l'hanno eletto i quali cardinali si riuniscono di nuovo dichiarano che ti erano sbagliati eleggono un altro papà il quale torna ad Avignone e ci sono un Papa a Roma e uno ad Avignone Ognuno dei quali scomunica l'altro dichiarando che l'altro è un falso papà e i cristiani si guardano intorno sbigottiti
74_La_crisi_del_Trecento_recessione_e_Innovazione_-_ExtraBarbero_Grattacielo_Intesa_Sanpaolo_2019/0070.wav| non saprebbero Cosa fare se non fosse che il loro re si premurano tutti a dire ciascuno nel nostro regno il vero papà è quello in Francia per esempio il vero papà che lo di Avignone non vi stupirà la cosa è in Francia avverte i suoi sudditi che devono credere al papà di Avignone ora capite Cosa vuol dire questo in un mondo dove sono tutti cristiani E dov'è quello che fa la chiesa è sotto i riflettori e tutti ci vengono molti dal punto di vista del morale degli umori non c'è dubbio non c'è dubbio che fai lo momento veramente ci sarebbe ancora altro è il 300 un mese è un anno
74_La_crisi_del_Trecento_recessione_e_Innovazione_-_ExtraBarbero_Grattacielo_Intesa_Sanpaolo_2019/0071.wav| adesso riprendo il controller €300 secolo mi dicono è un secolo di rivolti di rivolte popolari delle volte contadine a Firenze che è una città industriale di lettura di rivolte degli operai i ciompi lavoranti della lana e anche questo gli storici lo mettono nel conto magari esageriamo la rivolta Non vuol mica dire necessariamente che le cose vanno molto ma anzi potrebbe essere un bel sintomo del fatto che ci sono che c'hai voglia di cambiarlo il mondo Ecco Spero mettendo tutto insieme Ecco questo è il quadro della crisi del 300 Dopodiché Dopodiché come vi dicevo è una crisi strana perché uno si aspetterebbe che durante la crisi succedesse come è successo negli anni trenta E come succede oggi che molti il tenore di vita peggiora e che complessivamente non vedi una riduzione delle energie degli investimenti un senso di ristagno Ecco del
74_La_crisi_del_Trecento_recessione_e_Innovazione_-_ExtraBarbero_Grattacielo_Intesa_Sanpaolo_2019/0072.wav| vita nel 300 non è così nel 300
74_La_crisi_del_Trecento_recessione_e_Innovazione_-_ExtraBarbero_Grattacielo_Intesa_Sanpaolo_2019/0073.wav| negli spazi che si riesce a ricavare tra una guerra un'epidemia una crisi morale eccetera tutto continua a crescere il tenore di vita quando noi possiamo farlo continua a crescere la qualità degli oggetti prodotti questo è molto importante perché il medioevo per te quelli come dire ha prodotto JT edifici opere d'arte di una qualità magari interessantissime ecco ma non di grande raffinatezza il 300 è un secolo in cui la raffinatezza di qualunque oggetto prodotto aumenta in modo sbalorditivo Ele continua a essere piena di cantieri nuove chiese nuovi palazzi nuovi edifici e poi Appunto nel pieno del disastro nascono i Ghiberti che nasce nel 1378 di Donatello che nasce nel 1386 Masaccio che nasce nel 1401 tutte queste energie e ancora una cosa
74_La_crisi_del_Trecento_recessione_e_Innovazione_-_ExtraBarbero_Grattacielo_Intesa_Sanpaolo_2019/0074.wav| via lo dico Dal mio punto di vista molto particolare vi storico noi ovviamente tutte le cose che vi raccontiamo possiamo farlo perché abbiamo delle informazioni che il passato ci ha trasmesso documenti sia oggetti edifici monete opere d'arte ma soprattutto poi cose scritte testi di tutti i tipi dal Trattato teologico alla Divina Commedia al banale documento d'archivio perché un tizio è andato dal notaio per comprare casa e a noi è arrivato il documento oppure il documento prodotto da un'amministrazione che ha fatto un elenco di contribuenti per la riscossione della prossima Imposta annuale nel 300 la quantità di documenti prodotti aumenta enormemente Tra l'altro hanno inventato la carta da un po' di tempo e nel 300 prima usano la pergamena capite pelle di animali trattata in modo Meraviglioso però costosissima quel punto dimensione della carta
74_La_crisi_del_Trecento_recessione_e_Innovazione_-_ExtraBarbero_Grattacielo_Intesa_Sanpaolo_2019/0075.wav| quelle rivoluzioni poi verranno i 400 l'invenzione della stampa ma intanto già nel 200 hanno inventato la carta e nel 300 la usano per cui gli archivi sono pieni di materiali prodotti In quell'epoca tutto sta crescendo nonostante tutto le amministrazioni stanno crescendo i governi stanno di più della popolazione della ricchezza esistente allora
74_La_crisi_del_Trecento_recessione_e_Innovazione_-_ExtraBarbero_Grattacielo_Intesa_Sanpaolo_2019/0076.wav| c'è qualcosa che non torna
74_La_crisi_del_Trecento_recessione_e_Innovazione_-_ExtraBarbero_Grattacielo_Intesa_Sanpaolo_2019/0077.wav| in realtà andando a vedere da vicino si scopre che la crisi per come si è manifestata nel 300 la fame la testa e soprattutto che la guerra è E perché il papato di Avignone avuto dei risvolti positivi non so se faccio in tempo a dire vedi tutti ma diciamo i più importanti ognuna di questi fattori di crisi ha provocato anche un contraccolpo positivo un contraccolpo che chi è stato pronto a capire come andavano le cose ha potuto usare per pro e mi spiego
74_La_crisi_del_Trecento_recessione_e_Innovazione_-_ExtraBarbero_Grattacielo_Intesa_Sanpaolo_2019/0078.wav| intanto naturalmente ha detto una cosa è e cinico dirlo ma Tenete conto che la peste
74_La_crisi_del_Trecento_recessione_e_Innovazione_-_ExtraBarbero_Grattacielo_Intesa_Sanpaolo_2019/0079.wav| Siccome la bomba è neve ricordate quando si parlava della bomba n 20 anni fa la bomba che uccide le persone ma senza far esplodere demolire gli edifici erano delle nuove armi di cui si fregiava tanto tempo fa la peste e ovviamente una tragedia spaventosa prova con l'enorme quantità di dolore però poi diciamocelo una volta che l'epidemia è finita e la popolazione si trova molto diminuita Ma la quantità di alloggi di merci di moneta di conti in banca quella è rimasto uguale si spartiscono tutto il numero molto più ridotto di persone e ripeto senza essere Cinici perché il dolore bisogna metterlo in conto però una volta che hai finito ci rimbocchiamo le maniche allora qual è la situazione è morto il mio cugino è il reddito L'alloggio è morto il mio concorrente e adesso nella mia via Ci sono soltanto io che ho la bottega
74_La_crisi_del_Trecento_recessione_e_Innovazione_-_ExtraBarbero_Grattacielo_Intesa_Sanpaolo_2019/0080.wav| fa queste cose il conto in banca dei morti vengono ereditati dai vivi E chi è rimasto solo si risposa e comincia a fare ma aldilà di questo c'è qualcosa Un po' impressionistica c'è proprio un meccanismo preciso che si mette in movimento il meccanismo e questo proponiamo di essere a Firenze grande città industriale Tessile la lana Cosa vuol dire per l'epoca città industriale non hanno i motori a scoppio quindi non hanno i maschi non hanno i capannoni delle nostre Industrie però è un industria basata sul lavoro a domicilio per arrivare dalla lana grezza appena tagliata dalla PEC A un tessuto raffinato c'è tutta una serie di operazioni lavorative è una città come Firenze è piena di operai specializzati Uomini e Donne specializzati
74_La_crisi_del_Trecento_recessione_e_Innovazione_-_ExtraBarbero_Grattacielo_Intesa_Sanpaolo_2019/0081.wav| queste operazioni industria tessile vuol dire che l'imprenditore il lanaiolo fa venire la lana grezza all'ingrosso dall'Inghilterra dalla Spagna carovane di muli che arrivano tutti i giorni cariche di grandi lana grezza e poi le distribuisce a domicilio e ci sono quelli che la Cardano la pettinano per ripulirla dalle impurità e poi ci sono quelle donne che la fila no E poi ci sono i tessitori che la testa o no E a quel punto quando hai il tessuto di base poi l'imprenditore via via ritira il lavoro lo ridistribuisce a quelli che fanno la tappa successiva e poi ci saranno i Tintori che lo tengono e così via ci sono anche dei macchinari E perché alcune fasi si possono fare a pressione in certi casi occorre prezzare il tessuto E loro anche se non hanno il motore a scoppio però una fonte di energia ce l'hanno e l'acqua i fiumi e quindi lungo i fiumi e i canali
74_La_crisi_del_Trecento_recessione_e_Innovazione_-_ExtraBarbero_Grattacielo_Intesa_Sanpaolo_2019/0082.wav| tutte le città ci sono grandi macchinari ci sono Sì di legno tutto di legno con ruote dentate eccetera che azionano presse Allora molte di queste fasi sono fatte a domicilio da operai e operaie pagati pochissimo e che continuamente protestano perché il padrone bara bara sul peso che vivono facendo la fame operai bene c'è stata la peste il lanaiolo sopravvissuto quando si ricomincia a lavorare fai il giro dei suoi operai
74_La_crisi_del_Trecento_recessione_e_Innovazione_-_ExtraBarbero_Grattacielo_Intesa_Sanpaolo_2019/0083.wav| e bussa e qui non ci abita più nessuno
74_La_crisi_del_Trecento_recessione_e_Innovazione_-_ExtraBarbero_Grattacielo_Intesa_Sanpaolo_2019/0084.wav| e buste di nuovo e anche questi sono morti finalmente busta gli aprono come stai come stai Ce l'abbiamo fatta Siamo sopravvissuti adesso si ricomincia domani ti mando il garzone la solita quantità di lana grezza da cardare e il cardatore dice va bene però dobbiamo parlare del salario è il padrone dice il salario come prima No un soldo al giorno
74_La_crisi_del_Trecento_recessione_e_Innovazione_-_ExtraBarbero_Grattacielo_Intesa_Sanpaolo_2019/0085.wav| e il cardatore dice no un soldo al giorno non mi basta questo punto il padrone lo manda al diavolo gli chiede chi crede di essere gli dice che finirà molto male se continui a comportarsi in questo modo sbatte la porta va a bussare dal prossimo anche il prossimo gli dice la stessa cosa un soldo al giorno non mi basta più ne voglio due e mia moglie uno che mezzo si sa che il lavoro delle donne vale molto meno degli uomini ma comunque anche loro vengono pagate dopo un po' il padrone si rende conto che non lavora nessuno se non li aumentano il salario e se lui sbatte la porta e se ne va il suo concorrente è pronto a pagarlo quel salario più alto a questo punto la reazione della naiolo e di dire È una vergogna che la concorrenza paghi dei salari così alti bisogna mettere fine a questo scandalo si va dal governo e si dice dobbiamo assolutamente riportare gli operai alla ragione e far finire queste pretese che gli operai si sono messi in testa
74_La_crisi_del_Trecento_recessione_e_Innovazione_-_ExtraBarbero_Grattacielo_Intesa_Sanpaolo_2019/0086.wav| fare una legge che stabilisca un tetto un salario Massimo che nessuno deve superare il governo a volte lo fa a volte no ma non serve a niente c'è la concorrenza è se lanaiolo vuole gli operai deve pagarli di più lanaiolo tempesta e maledice Ma alla fine paga gli operai prendono più soldi di prima o in campagna è la stessa cosa è il grande proprietario terriero che produce grano sui suoi latifondi e ha bisogno di mietitori per la mietitura è abituato a pagarli poco a dopo la festa i miei Tori chiedono di essere pagate in meglio il padrone si mette le mani nei capelli perché la domanda è diminuita la popolazione è diminuita il grano non lo vuole più nessuno va in rovina però comunque se lo vuoi mettere devi pagare più di prima allora in modo strutturale e permanente per generazioni e generazioni
74_La_crisi_del_Trecento_recessione_e_Innovazione_-_ExtraBarbero_Grattacielo_Intesa_Sanpaolo_2019/0087.wav| i poveri hanno più soldi in tasca di prima quindi quindi tranne gli anni veramente disastrosi quando si muore di fame però in genere si rimpinzano di pane sazietà tutti quanti a questo punto dopo che hai tutti mangiato a sazietà il pane il capofamiglia ancora dei soldi in tasca cosa
74_La_crisi_del_Trecento_recessione_e_Innovazione_-_ExtraBarbero_Grattacielo_Intesa_Sanpaolo_2019/0088.wav| io una volta ho raccontato questa cosa in un corso di aggiornamento per manager e uno mi ha risposto in veste non investe naturalmente l'operaio Fiorentino 300 Ma adesso che hai tutti mangiato a sazietà
74_La_crisi_del_Trecento_recessione_e_Innovazione_-_ExtraBarbero_Grattacielo_Intesa_Sanpaolo_2019/0089.wav| Saluta la moglie e va all'osteria a bere con gli amici e stranamente nonostante la popolazione si è diminuita il numero delle osterie non Dimmi Anzi aumenta e mentre il prezzo del grano è sempre in crisi il prezzo del vino tiene tiene Mica male anzi
74_La_crisi_del_Trecento_recessione_e_Innovazione_-_ExtraBarbero_Grattacielo_Intesa_Sanpaolo_2019/0090.wav| è in campagna Mentre quelli che producono grano coltura che richiede molta manodopera e quindi in tempi di salari alti c'è da svenarsi e perdipiù i prezzi sono mediamente diminuiti e quindi si lamentano tutti ma quelli che producono il vino Io invece devono No no il nostro settore è piuttosto bene tanto che in Molte zone Qualcuno dice Ma io questo campo grano Tutto sommato ci piantassi mai un po' di filari di vite in mezzo per fare un po' di vino in tutta Italia in tutta Europa comincia a diffondersi un nuovo tipo di coltura che loro chiamano al teno per cui tu nel campo di grano ci sei nello stesso un po' di grano che non va mai male ma poi ci metti la vite oppure ci metti alberi da frutta e li colleghi anche quelli con la vite e ci fai anche il vino e chi fa il vino prospera
74_La_crisi_del_Trecento_recessione_e_Innovazione_-_ExtraBarbero_Grattacielo_Intesa_Sanpaolo_2019/0091.wav| e a questo punto l'operaio tornato a casa dopo aver bevuto all'osteria con gli amici si scopre che è ancora qualche soldo in tasca cosa fanno a questo punto domenica si mangia carne e magari anche giovedì poi venerdì e sabato e digiuno Naturalmente come sapete In quel mondo precetti cristiani si mangia carne e ben che la popolazione sia molto diminuita non si sono mai visti così tanti macellai e noi li abbiamo i numeri perché ci sono e gli elenchi delle botteghe che pagano le tasse in una città una città di macellai sbalorditiva la corporazione dei macellai nella politica cittadina diventa una corporazione importante ma naturalmente i macellai sono quelli che poi fanno venire il bestiame dalla campagna e quindi anche quelli che in campagna allevano bestiame mentre il loro vicino che fa grano si lamenta tutto il tempo quelli che fanno il bestiame neanche un po'
74_La_crisi_del_Trecento_recessione_e_Innovazione_-_ExtraBarbero_Grattacielo_Intesa_Sanpaolo_2019/0092.wav| tira il mercato è come Anzi ci allarghiamo perché dopo tutto tutto questo gran non serve Mica più facessimo più Prato magari più passi Certo però il prato da solo bisogna irrigare il prato se vuoi avere davvero dei buoni raccolti di fieno e poter avere tanto bestiame Allora devi il regalo il regalo non è mica Scherzo ci vogliono degli investimenti i soldi li troviamo
74_La_crisi_del_Trecento_recessione_e_Innovazione_-_ExtraBarbero_Grattacielo_Intesa_Sanpaolo_2019/0093.wav| già nei secoli precedenti si scavavano reti di canali quelli che noi chiamiamo le balere no le rocce insomma per irrigare le campagne ma nel trecento e nel Quattrocento c'è un investimento e norme perché trasformare un prato Secco come dicono loro in un prato umido irrigato vuol dire che i profitti si moltiplicano e quindi si investe in quelle In quell'epoca lì che nasce veramente tutta la rete di bealera di rogge che scandisce ancora oggi le nostre campagne e tutti quelli che possono cominciano ad allevare bestiame e a forza di fare bestiame ovviamente tante altre belle cose il latte per esempio quindi il formaggio una volta vestiamo e ce n'era poco perché se devi fare grano per nutrire così tanta gente non hai molto spazio per fare Prato pieno lo fai mai abbastanza Adesso invece c'è la possibilità quindi tanto bestiame tanto formaggio nella Pianura Padana comincia
74_La_crisi_del_Trecento_recessione_e_Innovazione_-_ExtraBarbero_Grattacielo_Intesa_Sanpaolo_2019/0094.wav| diffusi dei formaggi meravigliosi che si esportano uno si chiama il parmigiano le cui prime menzioni sono proprio nel 300 e che già allora è portato finché nel rinascimento sarà un consumo favorito dei sultani a Costantinopoli e tutto questo perché la massa della popolazione i poveri hanno più soldi in tasca e quindi loro consumi orientano la produzione e quelli che in campagna continuano a fare grano come sempre a te non hanno voglia di innovare sono in crisi ma quelli che capiscono cosa sta succedendo fanno i soldi e finalmente dopo tutto questo la moglie dell'operaio quando lui addormentato a letto si accorge che c'è ancora un soldino in tasca lo tira via e lo mette nel salvadanaio una volta nella vita
74_La_crisi_del_Trecento_recessione_e_Innovazione_-_ExtraBarbero_Grattacielo_Intesa_Sanpaolo_2019/0095.wav| ci facciamo un vestito non come finora che siccome tutti te Sono in casa sto mettendo tutti i vestiti con tessuti fatti in casa naturalmente tua madre di famiglia tesse naturalmente i panni non li facciamo mica tingere non ci sono i soldi e quindi la povera gente vestita di grigio grigio chiaro perché è vestita di abiti fatti in casa e non Tinti Ma una volta nella vita andiamo anche noi poveri andiamo anche noi Dal mercante di panni e compriamo dei panni belli però Beninteso non i Velluti bloccati i con cui si vestono i signori noi vogliamo dei panni belli i soldi resistenti ma senza luce senza spreco eh sia chiaro ci sono panni così fino a ieri no perché i poveri li fanno in casa e i ricchi vogliono i bloccati ma adesso c'è una domanda e qualcuno comincia a capire c'è un mercato che si sta
74_La_crisi_del_Trecento_recessione_e_Innovazione_-_ExtraBarbero_Grattacielo_Intesa_Sanpaolo_2019/0096.wav| bisogna produrre dei panni per quel mercato Quindi dei panni che non costino molto e mentre le città come Firenze che continuano a al mercato di lusso e fanno panni di lusso tirano avanti benissimo ma senza grandi innovazioni e grande crescita nascono un'infinità di località dove si fanno panni di lana che per obbligo per decisione collettiva delle autorità di quei posti e dei Mercanti associati consorziati e dicono noi facciamo panni scadenti noi facciamo panni che costano poco per quel tipo di clientela e poi e poi e poi forse si possono diventare anche altre cose cos'è quel cotone di cui si sente parlare da un po' di tempo per esempio proviamo e si fa venire il cotone dall'Egitto da Cipro e nascono Manifatture che producono un panno di lana Ma parli di
74_La_crisi_del_Trecento_recessione_e_Innovazione_-_ExtraBarbero_Grattacielo_Intesa_Sanpaolo_2019/0097.wav| è il fustagno economico resistente perfetto per i lavoratori quali per la prima volta in vita loro se lo comprano il panno anziché farlo in casa e poi e poi naturalmente anche la tela in lino tutte queste quindi e ci sono un sacco di qui in Piemonte tante città Chieri per esempio è una città da cui prosperità prima era basata Più che altro sulla banca il prestito di denaro ma a partire dal trecento diventa un centro di produzione di tessuti a buon mercato e lì Chi è riuscito a capire come vanno le cose fa i soldi buona sostanza la storia della crisi del trecento e la storia di un'epoca in cui infinite tragedie provocano enormi sofferenze e dolori ma i meccanismi economici sono tali che aprono delle nuove opportunità
74_La_crisi_del_Trecento_recessione_e_Innovazione_-_ExtraBarbero_Grattacielo_Intesa_Sanpaolo_2019/0098.wav| fino alla guerra rende qualcosa Non volevo dirlo perché un po' diseducativo me diciamolo e chiudiamo con questo la guerra rende ebbe la guerra rende certo E pure devastazione d'istruzioni I Mercenari dovunque vadano mangiano tutto come le cavallette Certo ma loro incassano un sacco di soldi invece I Mercenari I governi pagano passano e pagano e I Mercenari intascano poi ci sono quelle che appunto Sara quando tutto e rimangono indebitati con l'Oste ma molti tornano a casa pieni di soldi La guerra è un grande affare per chi la fai un disastro per chi la subisce Ma è un grande affare per chi la sa e I Mercenari questi guerrieri che combattono a cavallo in armatura con cavalli costosi sono gente che appartiene alla gente che quando torna a casa a da mantenere il castello e la signoria è un certo stile di vita e la moglie che giustamente vuole essere vestita in un certo modo E quindi anche i consumi di
74_La_crisi_del_Trecento_recessione_e_Innovazione_-_ExtraBarbero_Grattacielo_Intesa_Sanpaolo_2019/0099.wav| in realtà tirano perché gli uomini d'arme il cui i cui latifondi a gran ormai rendono poco negli anni Buoni però una bella guerra si mette tutti in piedi e la famiglia di nuovo soldi da spendere e mercanti Sarti Orefici se l'hai spada Fabbri un'infinità di produttori che la clientela ricca mantiene Dopodiché i soldi che arrivano in tasca l'uomo d'arme sono in realtà soltanto una piccola una parte di quello che lo Stato Ha speso per la guerra perché per spendere i soldi lo Stato Ha dovuto prima riscuoterli tasse poi una volta riscossi registrare tutto in tesoreria e poi mandati di pagamento funzionari che devono pagare Gli uomini d'arme sia quelli che riscuotevano le tasse quelli che trasportano il raccolto quelli che registrano tutto nella capitale e poi quelle quei Fondi
